Item Type,Item ID,Group,Res #,Title,URL,Difficulty,Reading Time,Why Read,Important Sections,Source File
Module,00-01,00-Foundations,1,"LangGraph Overview",https://langchain-ai.github.io/langgraph/concepts/high_level/,"Intro","20 min","See production agent runtime concerns (persistence, HITL)","Core benefits; ecosystem; persistence",Modules/00-Foundations/00-01-AI-Engineering-Mindset.md
Module,00-01,00-Foundations,2,"MCP Intro",https://modelcontextprotocol.io/docs/getting-started/intro,"Intro","15 min","Standard tool connectivity mindset","What MCP enables; why it matters",Modules/00-Foundations/00-01-AI-Engineering-Mindset.md
Module,00-01,00-Foundations,3,"OpenAI Prompt Engineering Guide",https://developers.openai.com/api/docs/guides/prompt-engineering,"Intro","45 min","Prompt as contract, not poetry","Tactics; message roles; iteration",Modules/00-Foundations/00-01-AI-Engineering-Mindset.md
Module,00-01,00-Foundations,4,"Anthropic / Claude Docs Overview",https://platform.claude.com/docs/en/docs/build-with-claude/overview,"Intro","30 min","Alternate provider constraints","Build with Claude overview",Modules/00-Foundations/00-01-AI-Engineering-Mindset.md
Module,00-01,00-Foundations,5,"Attention Is All You Need",https://arxiv.org/abs/1706.03762,"Advanced","60–90 min","Shared vocabulary for later chapters","Architecture diagram; attention",Modules/00-Foundations/00-01-AI-Engineering-Mindset.md
Module,00-01,00-Foundations,6,"ReAct: Synergizing Reasoning and Acting",https://arxiv.org/abs/2210.03629,"Intermediate","45 min","Grounds the agent loop chapter","Think-Act-Observe examples",Modules/00-Foundations/00-01-AI-Engineering-Mindset.md
Module,00-01,00-Foundations,7,"OWASP Top 10 for LLM Applications",https://owasp.org/www-project-top-10-for-large-language-model-applications/,"Intermediate","60 min","Safety mindset early","LLM01 Prompt Injection; data leakage",Modules/00-Foundations/00-01-AI-Engineering-Mindset.md
Module,00-02,00-Foundations,1,"Attention Is All You Need (Transformers)",https://arxiv.org/abs/1706.03762,"Advanced","60–90 min","Foundational architecture behind all modern LLMs; shared vocabulary for encoder/decoder and attention","§3 Model Architecture; §3.2 Attention; Figure 1",Modules/00-Foundations/00-02-From-Rules-to-Agents.md
Module,00-02,00-Foundations,2,"ReAct: Synergizing Reasoning and Acting in Language Models",https://arxiv.org/abs/2210.03629,"Intermediate","45–60 min","Research basis for Think → Act → Observe agent loops","§1 Introduction; §3 ReAct Prompting; Figures 1–3",Modules/00-Foundations/00-02-From-Rules-to-Agents.md
Module,00-02,00-Foundations,3,"OpenAI Prompt Engineering Guide",https://developers.openai.com/api/docs/guides/prompt-engineering,"Intro–Intermediate","45 min","Official tactics for reliable prompts as API contracts","Message roles; clear instructions; iterative development",Modules/00-Foundations/00-02-From-Rules-to-Agents.md
Module,00-02,00-Foundations,4,"LangGraph High-Level Concepts",https://langchain-ai.github.io/langgraph/concepts/high_level/,"Intermediate","25–35 min","Production agent runtime: persistence, HITL, state graphs","Core benefits; persistence/checkpointing; when to use LangGraph",Modules/00-Foundations/00-02-From-Rules-to-Agents.md
Module,00-02,00-Foundations,5,"Build with Claude (Anthropic Platform Overview)",https://platform.claude.com/docs/en/docs/build-with-claude/overview,"Intro–Intermediate","30–45 min","Provider comparison mindset; tool use and production constraints from a second major API","Overview; tool use; messages API patterns",Modules/00-Foundations/00-02-From-Rules-to-Agents.md
Module,00-03,00-Foundations,1,"FastAPI Documentation",https://fastapi.tiangolo.com/,"Intro","45 min","API layer for decision support","Tutorial; dependency injection; file uploads",Modules/00-Foundations/00-03-BankCo-Decision-Support-Warmup.md
Module,00-03,00-Foundations,2,"Pydantic Documentation",https://docs.pydantic.dev/latest/,"Intro","45 min","Spreadsheet row validation","Models; validators; JSON schema",Modules/00-Foundations/00-03-BankCo-Decision-Support-Warmup.md
Module,00-03,00-Foundations,3,"OpenAI API Documentation",https://developers.openai.com/api/docs/,"Intro","60 min","Draft edge integration","Responses API; prompt best practices",Modules/00-Foundations/00-03-BankCo-Decision-Support-Warmup.md
Module,00-03,00-Foundations,4,"OpenAI Prompt Engineering",https://developers.openai.com/api/docs/guides/prompt-engineering,"Intro","45 min","Constrain drafts to offer language","Clear instructions; evaluation",Modules/00-Foundations/00-03-BankCo-Decision-Support-Warmup.md
Module,00-03,00-Foundations,5,"OWASP Top 10 for LLM Applications",https://owasp.org/www-project-top-10-for-large-language-model-applications/,"Intermediate","60 min","Regulated assistant threat model","LLM01 injection; excessive agency",Modules/00-Foundations/00-03-BankCo-Decision-Support-Warmup.md
Module,01-01,01-LLM-Engineering,1,"Attention Is All You Need",https://arxiv.org/abs/1706.03762,"Advanced","60–90 min","Original architecture; shared vocabulary","§3 Model Architecture; §3.2 Attention",Modules/01-LLM-Engineering/01-01-Transformer-Architecture.md
Module,01-01,01-LLM-Engineering,2,"Hugging Face Transformers Docs",https://huggingface.co/docs/transformers/en/index,"Intro–Intermediate","45 min","Production model APIs & config objects","Quickstart; Model docs; Generation",Modules/01-LLM-Engineering/01-01-Transformer-Architecture.md
Module,01-01,01-LLM-Engineering,3,"HF NLP Course Ch.1",https://huggingface.co/learn/nlp-course/chapter1/1,"Intro","30 min","Gentle transformer intuition for engineers","Transformer models section",Modules/01-LLM-Engineering/01-01-Transformer-Architecture.md
Module,01-01,01-LLM-Engineering,4,"OpenAI Production Best Practices",https://developers.openai.com/api/docs/guides/production-best-practices,"Intermediate","40 min","Latency/cost tied to token generation physics","Improving latencies; Managing costs",Modules/01-LLM-Engineering/01-01-Transformer-Architecture.md
Module,01-01,01-LLM-Engineering,5,"RoFormer (RoPE paper)",https://arxiv.org/abs/2104.09864,"Advanced","45 min","Deep dive on rotary embeddings","RoPE formulation (optional)",Modules/01-LLM-Engineering/01-01-Transformer-Architecture.md
Module,01-01,01-LLM-Engineering,6,"Training Compute-Optimal LLMs (Chinchilla)",https://arxiv.org/abs/2203.15556,"Advanced","60 min","Scaling laws for sizing decisions","Abstract; compute-optimal frontier",Modules/01-LLM-Engineering/01-01-Transformer-Architecture.md
Module,01-02,01-LLM-Engineering,1,"tiktoken (OpenAI BPE)",https://github.com/openai/tiktoken,"Intro","20 min","Exact OpenAI token counting","README; `encoding_for_model`",Modules/01-LLM-Engineering/01-02-Tokenization-Context-Windows.md
Module,01-02,01-LLM-Engineering,2,"OpenAI Text Generation Guide",https://developers.openai.com/api/docs/guides/text-generation,"Intro","45 min","Official context & message semantics","Max tokens; message roles",Modules/01-LLM-Engineering/01-02-Tokenization-Context-Windows.md
Module,01-02,01-LLM-Engineering,3,"Anthropic Context Windows",https://platform.claude.com/docs/en/docs/build-with-claude/context-windows,"Intermediate","40 min","Context rot, thinking tokens, compaction","What counts; overflow behavior",Modules/01-LLM-Engineering/01-02-Tokenization-Context-Windows.md
Module,01-02,01-LLM-Engineering,4,"Gemini Long Context",https://ai.google.dev/gemini-api/docs/long-context,"Intermediate","30 min","Multimodal long-context constraints","Limits; best practices",Modules/01-LLM-Engineering/01-02-Tokenization-Context-Windows.md
Module,01-02,01-LLM-Engineering,5,"Attention Is All You Need",https://arxiv.org/abs/1706.03762,"Advanced","60 min","Why prefill scales with sequence² — ties to [01-01](01-01-Transformer-Architecture.md)","Multi-head attention",Modules/01-LLM-Engineering/01-02-Tokenization-Context-Windows.md
Module,01-02,01-LLM-Engineering,6,"Lost in the Middle (Liu et al.)",https://arxiv.org/abs/2307.03172,"Intermediate","45 min","Evidence for long-context recall limits","Experiments on placement",Modules/01-LLM-Engineering/01-02-Tokenization-Context-Windows.md
Module,01-02,01-LLM-Engineering,7,"Neural Machine Translation by Jointly Learning to Align and Translate",https://arxiv.org/abs/1409.0473,"Advanced","Optional","Historical attention intuition","Attention mechanism",Modules/01-LLM-Engineering/01-02-Tokenization-Context-Windows.md
Module,01-03,01-LLM-Engineering,1,"vLLM Documentation",https://docs.vllm.ai/en/latest/,"Intermediate","60 min","Official serving flags, APIs, schedulers","Installation; OpenAI server; optimization",Modules/01-LLM-Engineering/01-03-Inference-Serving-vLLM.md
Module,01-03,01-LLM-Engineering,2,"vLLM GitHub",https://github.com/vllm-project/vllm,"Intermediate","30 min","Issue tracker, release notes, examples","README; performance tips",Modules/01-LLM-Engineering/01-03-Inference-Serving-vLLM.md
Module,01-03,01-LLM-Engineering,3,"Ollama GitHub",https://github.com/ollama/ollama,"Intro","20 min","Local model pull/run workflow","API; modelfiles",Modules/01-LLM-Engineering/01-03-Inference-Serving-vLLM.md
Module,01-03,01-LLM-Engineering,4,"HF Quantization",https://huggingface.co/docs/transformers/en/main_classes/quantization,"Intermediate","45 min","GPTQ/AWQ/BnB overview","Method comparison tables",Modules/01-LLM-Engineering/01-03-Inference-Serving-vLLM.md
Module,01-03,01-LLM-Engineering,5,"TensorRT-LLM",https://developer.nvidia.com/tensorrt-llm,"Advanced","45 min","When compiled NVIDIA stacks win","Quick start; perf guides",Modules/01-LLM-Engineering/01-03-Inference-Serving-vLLM.md
Module,01-03,01-LLM-Engineering,6,"PagedAttention paper (vLLM)",https://arxiv.org/abs/2309.06180,"Advanced","45 min","Primary source for paging intuition","§3 Memory management",Modules/01-LLM-Engineering/01-03-Inference-Serving-vLLM.md
Module,01-03,01-LLM-Engineering,7,"Speculative Decoding",https://arxiv.org/abs/2211.17192,"Advanced","30 min","Draft/verify mental model","Algorithm 1",Modules/01-LLM-Engineering/01-03-Inference-Serving-vLLM.md
Module,01-04,01-LLM-Engineering,1,"LiteLLM Documentation",https://docs.litellm.ai/docs/,"Intro","45 min","Canonical API and proxy reference","Router; Proxy; Provider list",Modules/01-LLM-Engineering/01-04-Model-Routing-LiteLLM.md
Module,01-04,01-LLM-Engineering,2,"LiteLLM GitHub",https://github.com/BerriAI/litellm,"Intro","20 min","Source, issues, release notes","Router examples; config samples",Modules/01-LLM-Engineering/01-04-Model-Routing-LiteLLM.md
Module,01-04,01-LLM-Engineering,3,"Router — Load Balancing",https://docs.litellm.ai/docs/routing,"Intermediate","40 min","Fallbacks, cooldowns, strategies","Routing strategies; fallbacks",Modules/01-LLM-Engineering/01-04-Model-Routing-LiteLLM.md
Module,01-04,01-LLM-Engineering,4,"Proxy — Load Balancing",https://docs.litellm.ai/docs/proxy/load_balancing,"Intermediate","30 min","Production proxy setup","Redis; router_settings",Modules/01-LLM-Engineering/01-04-Model-Routing-LiteLLM.md
Module,01-04,01-LLM-Engineering,5,"Budget Routing",https://docs.litellm.ai/docs/proxy/provider_budget_routing,"Intermediate","25 min","Provider spend caps","provider_budget_config",Modules/01-LLM-Engineering/01-04-Model-Routing-LiteLLM.md
Module,01-04,01-LLM-Engineering,6,"Budget Fallbacks",https://docs.litellm.ai/docs/proxy/budget_fallbacks,"Intermediate","20 min","Step-down on key budgets","budget_fallbacks chains",Modules/01-LLM-Engineering/01-04-Model-Routing-LiteLLM.md
Module,01-04,01-LLM-Engineering,7,"OpenAI API Documentation",https://developers.openai.com/api/docs/,"Intro","60 min","Baseline OpenAI-compatible contract","Chat Completions; models",Modules/01-LLM-Engineering/01-04-Model-Routing-LiteLLM.md
Module,01-04,01-LLM-Engineering,8,"Anthropic API Overview",https://docs.anthropic.com/en/api/overview,"Intro","45 min","Claude routing strings","Messages API; models",Modules/01-LLM-Engineering/01-04-Model-Routing-LiteLLM.md
Module,01-05,01-LLM-Engineering,1,"OpenAI API Documentation",https://developers.openai.com/api/docs/,"Intro","60 min","Canonical Responses + tools reference","Responses API; structured outputs; streaming",Modules/01-LLM-Engineering/01-05-Provider-SDKs-OpenAI-Claude-Gemini.md
Module,01-05,01-LLM-Engineering,2,"OpenAI Python SDK",https://github.com/openai/openai-python,"Intro","30 min","`responses.parse`, streaming helpers","helpers.md; examples",Modules/01-LLM-Engineering/01-05-Provider-SDKs-OpenAI-Claude-Gemini.md
Module,01-05,01-LLM-Engineering,3,"Anthropic API Overview",https://platform.claude.com/docs/en/api/overview,"Intro","45 min","Messages API mental model","Messages; tool use; streaming",Modules/01-LLM-Engineering/01-05-Provider-SDKs-OpenAI-Claude-Gemini.md
Module,01-05,01-LLM-Engineering,4,"Anthropic Python SDK",https://github.com/anthropics/anthropic-sdk-python,"Intro","30 min","Typed messages + stream context managers","README; streaming",Modules/01-LLM-Engineering/01-05-Provider-SDKs-OpenAI-Claude-Gemini.md
Module,01-05,01-LLM-Engineering,5,"Gemini API Docs",https://ai.google.dev/gemini-api/docs,"Intro","45 min","Structured output + function calling","generateContent; tools; JSON schema",Modules/01-LLM-Engineering/01-05-Provider-SDKs-OpenAI-Claude-Gemini.md
Module,01-05,01-LLM-Engineering,6,"Google GenAI Python SDK",https://github.com/googleapis/python-genai,"Intro","30 min","`Client`, `types`, async patterns","README; samples",Modules/01-LLM-Engineering/01-05-Provider-SDKs-OpenAI-Claude-Gemini.md
Module,02-01,02-Prompt-Engineering,1,"OpenAI Prompt Engineering Guide",https://developers.openai.com/api/docs/guides/prompt-engineering,"Intro","45 min","Official tactics for roles and iteration","Message roles; clear instructions; split tasks",Modules/02-Prompt-Engineering/02-01-Production-Prompt-Engineering.md
Module,02-01,02-Prompt-Engineering,2,"OpenAI Structured Outputs",https://developers.openai.com/api/docs/guides/structured-outputs,"Intermediate","40 min","Bridge to 02-02; CoT schemas","Pydantic parsing; refusals; when to use",Modules/02-Prompt-Engineering/02-01-Production-Prompt-Engineering.md
Module,02-01,02-Prompt-Engineering,3,"promptfoo Intro",https://www.promptfoo.dev/docs/intro/,"Intro","20 min","Eval-driven workflow","Workflow; matrix evals; CI usage",Modules/02-Prompt-Engineering/02-01-Production-Prompt-Engineering.md
Module,02-01,02-Prompt-Engineering,4,"OpenAI Function Calling",https://developers.openai.com/api/docs/guides/function-calling,"Intermediate","40 min","Tools as prompt contracts (preview for 02-02)","Tool definitions; structured outputs overlap",Modules/02-Prompt-Engineering/02-01-Production-Prompt-Engineering.md
Module,02-01,02-Prompt-Engineering,5,"Anthropic Tool Use",https://platform.claude.com/docs/en/docs/build-with-claude/tool-use,"Intermediate","35 min","Cross-provider prompt patterns","Tool choice; system prompts",Modules/02-Prompt-Engineering/02-01-Production-Prompt-Engineering.md
Module,02-01,02-Prompt-Engineering,6,"Chain-of-Thought Prompting (paper)",https://arxiv.org/abs/2201.11903,"Advanced","45 min","When CoT helps reasoning","Method; limitations",Modules/02-Prompt-Engineering/02-01-Production-Prompt-Engineering.md
Module,02-01,02-Prompt-Engineering,7,"OWASP LLM Top 10",https://owasp.org/www-project-top-10-for-large-language-model-applications/,"Intermediate","60 min","Jailbreak/injection context","LLM01 Prompt Injection",Modules/02-Prompt-Engineering/02-01-Production-Prompt-Engineering.md
Module,02-02,02-Prompt-Engineering,1,"OpenAI Structured Outputs",https://developers.openai.com/api/docs/guides/structured-outputs,"Intermediate","40 min","Primary pattern for typed responses","Pydantic; refusals; vs function calling",Modules/02-Prompt-Engineering/02-02-Structured-Outputs-Tool-Calling.md
Module,02-02,02-Prompt-Engineering,2,"OpenAI Function Calling",https://developers.openai.com/api/docs/guides/function-calling,"Intermediate","45 min","Tool loop mechanics","Strict schemas; tool choice; Responses API",Modules/02-Prompt-Engineering/02-02-Structured-Outputs-Tool-Calling.md
Module,02-02,02-Prompt-Engineering,3,"Anthropic Tool Use",https://platform.claude.com/docs/en/docs/build-with-claude/tool-use,"Intermediate","40 min","Claude integration","input_schema; tool results",Modules/02-Prompt-Engineering/02-02-Structured-Outputs-Tool-Calling.md
Module,02-02,02-Prompt-Engineering,4,"Gemini Function Calling",https://ai.google.dev/gemini-api/docs/function-calling,"Intermediate","35 min","Google integration","functionDeclarations; parallel calls",Modules/02-Prompt-Engineering/02-02-Structured-Outputs-Tool-Calling.md
Module,02-02,02-Prompt-Engineering,5,"promptfoo Intro",https://www.promptfoo.dev/docs/intro/,"Intro","20 min","Cross-provider eval","Matrix testing workflow",Modules/02-Prompt-Engineering/02-02-Structured-Outputs-Tool-Calling.md
Module,02-02,02-Prompt-Engineering,6,"OpenAI Prompt Engineering",https://developers.openai.com/api/docs/guides/prompt-engineering,"Intro","30 min","Tool description craft","Clear instructions",Modules/02-Prompt-Engineering/02-02-Structured-Outputs-Tool-Calling.md
Module,02-02,02-Prompt-Engineering,7,"JSON Schema Spec",https://json-schema.org/learn/getting-started-step-by-step,"Intermediate","45 min","Schema limits","Types; required; enums",Modules/02-Prompt-Engineering/02-02-Structured-Outputs-Tool-Calling.md
Module,03-01,03-Agentic-Fundamentals,1,"LangGraph High-Level Concepts",https://langchain-ai.github.io/langgraph/concepts/high_level/,"Intro","25 min","Official mental model for graphs + persistence","Benefits; state; compile",Modules/03-Agentic-Fundamentals/03-01-Agent-Anatomy-and-Loop.md
Module,03-01,03-Agentic-Fundamentals,2,"LangGraph Memory",https://langchain-ai.github.io/langgraph/concepts/memory/,"Intermediate","30 min","Short vs long-term in graph terms","Memory types; when to summarize",Modules/03-Agentic-Fundamentals/03-01-Agent-Anatomy-and-Loop.md
Module,03-01,03-Agentic-Fundamentals,3,"LangGraph Persistence",https://langchain-ai.github.io/langgraph/concepts/persistence/,"Intermediate","30 min","Checkpointing threads","Checkpointers; thread_id",Modules/03-Agentic-Fundamentals/03-01-Agent-Anatomy-and-Loop.md
Module,03-01,03-Agentic-Fundamentals,4,"LangChain Tools",https://python.langchain.com/docs/concepts/tools/,"Intro","20 min","Tool contracts for Act phase","Tool definition; binding",Modules/03-Agentic-Fundamentals/03-01-Agent-Anatomy-and-Loop.md
Module,03-01,03-Agentic-Fundamentals,5,"ReAct Paper",https://arxiv.org/abs/2210.03629,"Intermediate","45 min","Original Think-Act-Observe","Figures; prompting templates",Modules/03-Agentic-Fundamentals/03-01-Agent-Anatomy-and-Loop.md
Module,03-02,03-Agentic-Fundamentals,1,"LangChain Tools",https://python.langchain.com/docs/concepts/tools/,"Intro","25 min","Tool definition + binding","Creating tools; toolkits",Modules/03-Agentic-Fundamentals/03-02-Tools-Memory-Control-Flow.md
Module,03-02,03-Agentic-Fundamentals,2,"LangGraph Memory",https://langchain-ai.github.io/langgraph/concepts/memory/,"Intermediate","35 min","STM/LTM patterns","Memory types; summarization",Modules/03-Agentic-Fundamentals/03-02-Tools-Memory-Control-Flow.md
Module,03-02,03-Agentic-Fundamentals,3,"LangGraph Persistence",https://langchain-ai.github.io/langgraph/concepts/persistence/,"Intermediate","35 min","Checkpointers deep dive","Threads; interrupts",Modules/03-Agentic-Fundamentals/03-02-Tools-Memory-Control-Flow.md
Module,03-02,03-Agentic-Fundamentals,4,"LangGraph High-Level",https://langchain-ai.github.io/langgraph/concepts/high_level/,"Intro","25 min","Control flow primitives","StateGraph; compile",Modules/03-Agentic-Fundamentals/03-02-Tools-Memory-Control-Flow.md
Module,03-02,03-Agentic-Fundamentals,5,"ReAct Paper",https://arxiv.org/abs/2210.03629,"Intermediate","45 min","Why observations matter","Action-observation cycles",Modules/03-Agentic-Fundamentals/03-02-Tools-Memory-Control-Flow.md
Module,03-03,03-Agentic-Fundamentals,1,"LangGraph High Level",https://langchain-ai.github.io/langgraph/concepts/high_level/,"Intro","25 min","Persistence + HITL foundation for patterns","Benefits; state; checkpointers",Modules/03-Agentic-Fundamentals/03-03-Agentic-Design-Patterns.md
Module,03-03,03-Agentic-Fundamentals,2,"LangGraph Human-in-the-Loop",https://langchain-ai.github.io/langgraph/concepts/human_in_the_loop/,"Intermediate","30 min","Interrupt/resume semantics","Breakpoints; approve/edit",Modules/03-Agentic-Fundamentals/03-03-Agentic-Design-Patterns.md
Module,03-03,03-Agentic-Fundamentals,3,"ReAct Paper",https://arxiv.org/abs/2210.03629,"Intermediate","45 min","Original Think-Act-Observe","Examples; synergy",Modules/03-Agentic-Fundamentals/03-03-Agentic-Design-Patterns.md
Module,03-03,03-Agentic-Fundamentals,4,"LangSmith",https://docs.langchain.com/langsmith/home,"Intro","20 min","Trace routes and tool loops","Projects; runs; feedback",Modules/03-Agentic-Fundamentals/03-03-Agentic-Design-Patterns.md
Module,03-04,03-Agentic-Fundamentals,1,"LangGraph High Level",https://langchain-ai.github.io/langgraph/concepts/high_level/,"Intro","25 min","Runtime mental model","Persistence; compile",Modules/03-Agentic-Fundamentals/03-04-LangGraph-Production-Agents.md
Module,03-04,03-Agentic-Fundamentals,2,"Human-in-the-Loop",https://langchain-ai.github.io/langgraph/concepts/human_in_the_loop/,"Intermediate","35 min","Interrupt/resume","Breakpoints; Command",Modules/03-Agentic-Fundamentals/03-04-LangGraph-Production-Agents.md
Module,03-04,03-Agentic-Fundamentals,3,"Streaming",https://langchain-ai.github.io/langgraph/concepts/streaming/,"Intermediate","30 min","UX + debugging","stream_mode options",Modules/03-Agentic-Fundamentals/03-04-LangGraph-Production-Agents.md
Module,03-04,03-Agentic-Fundamentals,4,"Multi-Agent",https://langchain-ai.github.io/langgraph/concepts/multi_agent/,"Advanced","40 min","When to split graphs","Supervisor; handoffs",Modules/03-Agentic-Fundamentals/03-04-LangGraph-Production-Agents.md
Module,03-04,03-Agentic-Fundamentals,5,"LangSmith",https://docs.langchain.com/langsmith/home,"Intro","25 min","Trace production graphs","Projects; evaluations",Modules/03-Agentic-Fundamentals/03-04-LangGraph-Production-Agents.md
Module,04-01,04-RAG,1,"Retrieval-Augmented Generation for Knowledge-Intensive NLP Tasks",https://arxiv.org/abs/2005.11401,"Intermediate","45–60 min","Foundational RAG paper","Architecture; retriever + generator",Modules/04-RAG/04-01-RAG-Architecture.md
Module,04-01,04-RAG,2,"LlamaIndex Documentation",https://docs.llamaindex.ai/en/stable/,"Intro","30 min","Framework used in labs","Indexing; querying; agents",Modules/04-RAG/04-01-RAG-Architecture.md
Module,04-01,04-RAG,3,"LangChain RAG Concept",https://python.langchain.com/docs/concepts/rag/,"Intro","25 min","Alternate mental model","Indexing pipeline; retrieval",Modules/04-RAG/04-01-RAG-Architecture.md
Module,04-01,04-RAG,4,"Pinecone Getting Started",https://docs.pinecone.io/guides/get-started/overview,"Intro","20 min","Managed vector index concepts","Indexes; namespaces; metadata",Modules/04-RAG/04-01-RAG-Architecture.md
Module,04-01,04-RAG,5,"Cohere Rerank Overview",https://docs.cohere.com/docs/rerank-overview,"Intro","15 min","Precision layer preview for 04-03","When to rerank",Modules/04-RAG/04-01-RAG-Architecture.md
Module,04-01,04-RAG,6,"Microsoft GraphRAG",https://microsoft.github.io/graphrag/,"Advanced","45 min","Preview advanced grounding (04-04)","Indexing graphs; global search",Modules/04-RAG/04-01-RAG-Architecture.md
Module,04-02,04-RAG,1,"Retrieval-Augmented Generation (RAG)",https://arxiv.org/abs/2005.11401,"Intermediate","45 min","Original retrieve-then-generate framing","Retriever design motivation",Modules/04-RAG/04-02-Chunking-Metadata-Embeddings.md
Module,04-02,04-RAG,2,"LlamaIndex — Node Parser / Chunking",https://docs.llamaindex.ai/en/stable/,"Intro","30 min","Chunking APIs and patterns","Text splitters; metadata",Modules/04-RAG/04-02-Chunking-Metadata-Embeddings.md
Module,04-02,04-RAG,3,"LangChain RAG Concept",https://python.langchain.com/docs/concepts/rag/,"Intro","25 min","Document loaders + splitters","Indexing steps",Modules/04-RAG/04-02-Chunking-Metadata-Embeddings.md
Module,04-02,04-RAG,4,"Pinecone — Metadata Filtering",https://docs.pinecone.io/guides/get-started/overview,"Intro","20 min","Why metadata matters at query time","Metadata; namespaces",Modules/04-RAG/04-02-Chunking-Metadata-Embeddings.md
Module,04-02,04-RAG,5,"Cohere Rerank Overview",https://docs.cohere.com/docs/rerank-overview,"Intro","15 min","Precision after chunk retrieval","Rerank role",Modules/04-RAG/04-02-Chunking-Metadata-Embeddings.md
Module,04-02,04-RAG,6,"Microsoft GraphRAG",https://microsoft.github.io/graphrag/,"Advanced","45 min","Beyond flat chunks (04-04)","Indexing pipeline",Modules/04-RAG/04-02-Chunking-Metadata-Embeddings.md
Module,04-03,04-RAG,1,"RAG Paper",https://arxiv.org/abs/2005.11401,"Intermediate","45 min","Retriever quality drives generation","Retrieval component",Modules/04-RAG/04-03-Vector-DB-Hybrid-Search-Reranking.md
Module,04-03,04-RAG,2,"LlamaIndex — Vector Stores",https://docs.llamaindex.ai/en/stable/,"Intro","30 min","Integrations including Pinecone","Vector store index",Modules/04-RAG/04-03-Vector-DB-Hybrid-Search-Reranking.md
Module,04-03,04-RAG,3,"LangChain RAG",https://python.langchain.com/docs/concepts/rag/,"Intro","25 min","Retriever + document chain","Retrieval",Modules/04-RAG/04-03-Vector-DB-Hybrid-Search-Reranking.md
Module,04-03,04-RAG,4,"Pinecone Overview",https://docs.pinecone.io/guides/get-started/overview,"Intro","25 min","Indexes, metadata, query","Core concepts",Modules/04-RAG/04-03-Vector-DB-Hybrid-Search-Reranking.md
Module,04-03,04-RAG,5,"Cohere Rerank",https://docs.cohere.com/docs/rerank-overview,"Intro","20 min","Rerank API and use cases","How rerank works",Modules/04-RAG/04-03-Vector-DB-Hybrid-Search-Reranking.md
Module,04-03,04-RAG,6,"Microsoft GraphRAG",https://microsoft.github.io/graphrag/,"Advanced","45 min","Graph-based retrieval alternative","Query modes",Modules/04-RAG/04-03-Vector-DB-Hybrid-Search-Reranking.md
Module,04-04,04-RAG,1,"RAG Paper",https://arxiv.org/abs/2005.11401,"Intermediate","45 min","Baseline to compare against","Full pipeline",Modules/04-RAG/04-04-Advanced-RAG-HyDE-GraphRAG.md
Module,04-04,04-RAG,2,"LlamaIndex Docs",https://docs.llamaindex.ai/en/stable/,"Intro–Advanced","45 min","Agentic query engines","Agents; query pipelines",Modules/04-RAG/04-04-Advanced-RAG-HyDE-GraphRAG.md
Module,04-04,04-RAG,3,"LangChain RAG",https://python.langchain.com/docs/concepts/rag/,"Intro","25 min","Multi-query / advanced retrievers","Advanced patterns",Modules/04-RAG/04-04-Advanced-RAG-HyDE-GraphRAG.md
Module,04-04,04-RAG,4,"Pinecone Overview",https://docs.pinecone.io/guides/get-started/overview,"Intro","20 min","Vector foundation for all modes","Query concepts",Modules/04-RAG/04-04-Advanced-RAG-HyDE-GraphRAG.md
Module,04-04,04-RAG,5,"Cohere Rerank",https://docs.cohere.com/docs/rerank-overview,"Intro","15 min","Post-retrieval merge quality","API usage",Modules/04-RAG/04-04-Advanced-RAG-HyDE-GraphRAG.md
Module,04-04,04-RAG,6,"Microsoft GraphRAG",https://microsoft.github.io/graphrag/,"Advanced","60 min","Graph indexing + query modes","Indexing; local/global search",Modules/04-RAG/04-04-Advanced-RAG-HyDE-GraphRAG.md
Module,05-01,05-Multi-Agent,1,"LangGraph Multi-Agent Concepts",https://langchain-ai.github.io/langgraph/concepts/multi_agent/,"Intermediate","45 min","Canonical orchestration primitives","State; handoffs; supervisor patterns",Modules/05-Multi-Agent/05-01-Multi-Agent-Orchestration.md
Module,05-01,05-Multi-Agent,2,"LangGraph Graph API",https://langchain-ai.github.io/langgraph/concepts/low_level/,"Intermediate","60 min","Checkpoints, Command, reducers","StateGraph; Command; recursion limit",Modules/05-Multi-Agent/05-01-Multi-Agent-Orchestration.md
Module,05-01,05-Multi-Agent,3,"AutoGen Framework",https://microsoft.github.io/autogen/stable//index.html,"Intermediate","30 min","Alternative orchestration model","AgentChat vs Core",Modules/05-Multi-Agent/05-01-Multi-Agent-Orchestration.md
Module,05-01,05-Multi-Agent,4,"CrewAI Documentation",https://docs.crewai.com/,"Intro","30 min","Role-based crew mental model","Agents; tasks; processes",Modules/05-Multi-Agent/05-01-Multi-Agent-Orchestration.md
Module,05-01,05-Multi-Agent,5,"MetaGPT (multi-agent paper)",https://arxiv.org/abs/2308.08155,"Advanced","45 min","Academic view of role specialization","Method; failure modes",Modules/05-Multi-Agent/05-01-Multi-Agent-Orchestration.md
Module,05-02,05-Multi-Agent,1,"LangGraph Multi-Agent",https://langchain-ai.github.io/langgraph/concepts/multi_agent/,"Intermediate","45 min","Handoffs, Send, subgraphs","Multi-agent architectures",Modules/05-Multi-Agent/05-02-Planner-Executor-Critic.md
Module,05-02,05-Multi-Agent,2,"MetaGPT Paper",https://arxiv.org/abs/2308.08155,"Advanced","45 min","Role-based decomposition theory","Method",Modules/05-Multi-Agent/05-02-Planner-Executor-Critic.md
Module,05-03,05-Multi-Agent,1,"LangGraph Multi-Agent",https://langchain-ai.github.io/langgraph/concepts/multi_agent/,"Intermediate","45 min","Production graph patterns","Handoffs; supervisor",Modules/05-Multi-Agent/05-03-Frameworks-CrewAI-AutoGen-LangGraph.md
Module,05-03,05-Multi-Agent,2,"CrewAI Docs",https://docs.crewai.com/,"Intro–Intermediate","45 min","Crews, flows, enterprise","Agents; tasks; processes",Modules/05-Multi-Agent/05-03-Frameworks-CrewAI-AutoGen-LangGraph.md
Module,05-03,05-Multi-Agent,3,"AutoGen Stable Docs",https://microsoft.github.io/autogen/stable//index.html,"Intermediate","45 min","AgentChat vs Core","Extensions; MCP",Modules/05-Multi-Agent/05-03-Frameworks-CrewAI-AutoGen-LangGraph.md
Module,05-03,05-Multi-Agent,4,"MetaGPT Paper",https://arxiv.org/abs/2308.08155,"Advanced","45 min","Role-based multi-agent research","Methodology",Modules/05-Multi-Agent/05-03-Frameworks-CrewAI-AutoGen-LangGraph.md
Module,06-01,06-Conversational-Multimodal,1,"OpenAI Speech-to-Text",https://platform.openai.com/docs/guides/speech-to-text,"Intro","25 min","Whisper API production options","Supported formats; streaming",Modules/06-Conversational-Multimodal/06-01-Voice-ASR-TTS-Pipelines.md
Module,06-01,06-Conversational-Multimodal,2,"OpenAI Text-to-Speech",https://platform.openai.com/docs/guides/text-to-speech,"Intro","20 min","Neural TTS integration","Voices; streaming",Modules/06-Conversational-Multimodal/06-01-Voice-ASR-TTS-Pipelines.md
Module,06-01,06-Conversational-Multimodal,3,"OpenAI Realtime API",https://platform.openai.com/docs/guides/realtime,"Intermediate","45 min","Native S2S path","Session lifecycle; VAD",Modules/06-Conversational-Multimodal/06-01-Voice-ASR-TTS-Pipelines.md
Module,06-01,06-Conversational-Multimodal,4,"Faster-Whisper",https://github.com/SYSTRAN/faster-whisper,"Intermediate","30 min","Self-host ASR economics","GPU/CPU benchmarks",Modules/06-Conversational-Multimodal/06-01-Voice-ASR-TTS-Pipelines.md
Module,06-01,06-Conversational-Multimodal,5,"WebRTC VAD",https://github.com/wiseman/py-webrtcvad,"Intro","15 min","Lightweight endpointing","Aggressiveness modes",Modules/06-Conversational-Multimodal/06-01-Voice-ASR-TTS-Pipelines.md
Module,06-01,06-Conversational-Multimodal,6,"Deepgram Streaming",https://developers.deepgram.com/docs/streaming,"Intermediate","30 min","Cloud streaming STT pattern","Interim results",Modules/06-Conversational-Multimodal/06-01-Voice-ASR-TTS-Pipelines.md
Module,06-01,06-Conversational-Multimodal,7,"ElevenLabs API",https://elevenlabs.io/docs/api-reference/text-to-speech,"Intro","25 min","Premium TTS","Streaming; voice settings",Modules/06-Conversational-Multimodal/06-01-Voice-ASR-TTS-Pipelines.md
Module,06-02,06-Conversational-Multimodal,1,"OpenAI Vision Guide",https://platform.openai.com/docs/guides/images-vision,"Intro","30 min","Image input API","Detail vs low-res",Modules/06-Conversational-Multimodal/06-02-Multimodal-Agents.md
Module,06-02,06-Conversational-Multimodal,2,"Claude Vision",https://platform.claude.com/docs/en/build-with-claude/vision,"Intro","25 min","PDF/image patterns","Best practices",Modules/06-Conversational-Multimodal/06-02-Multimodal-Agents.md
Module,06-02,06-Conversational-Multimodal,3,"Gemini Multimodal",https://ai.google.dev/gemini-api/docs/vision,"Intro","25 min","Google stack","Image understanding",Modules/06-Conversational-Multimodal/06-02-Multimodal-Agents.md
Module,06-02,06-Conversational-Multimodal,4,"PyMuPDF",https://pymupdf.readthedocs.io/,"Intro","20 min","PDF text extraction","Text extraction",Modules/06-Conversational-Multimodal/06-02-Multimodal-Agents.md
Module,06-02,06-Conversational-Multimodal,5,"LayoutParser",https://layout-parser.github.io/,"Intermediate","40 min","Document layout","Detection models",Modules/06-Conversational-Multimodal/06-02-Multimodal-Agents.md
Module,06-02,06-Conversational-Multimodal,6,"DeepEval Multimodal",https://deepeval.com/docs/multimodal-metrics,"Intermediate","30 min","Eval patterns","Image QA metrics",Modules/06-Conversational-Multimodal/06-02-Multimodal-Agents.md
Module,07-01,07-Protocols-MCP-A2A,1,"MCP Introduction",https://modelcontextprotocol.io/docs/getting-started/intro,"Intro","20 min","Canonical spec mindset","Concepts; architecture",Modules/07-Protocols-MCP-A2A/07-01-MCP-Model-Context-Protocol.md
Module,07-01,07-Protocols-MCP-A2A,2,"MCP Python SDK",https://github.com/modelcontextprotocol/python-sdk,"Intermediate","45 min","FastMCP implementation","Server examples",Modules/07-Protocols-MCP-A2A/07-01-MCP-Model-Context-Protocol.md
Module,07-01,07-Protocols-MCP-A2A,3,"MCP Specification",https://modelcontextprotocol.io/specification,"Advanced","90 min","Wire protocol details","Tools; resources; prompts",Modules/07-Protocols-MCP-A2A/07-01-MCP-Model-Context-Protocol.md
Module,07-01,07-Protocols-MCP-A2A,4,"Anthropic MCP Announcement",https://www.anthropic.com/news/model-context-protocol,"Intro","15 min","Why USB-C metaphor","Problem framing",Modules/07-Protocols-MCP-A2A/07-01-MCP-Model-Context-Protocol.md
Module,07-01,07-Protocols-MCP-A2A,5,"Cursor MCP Docs",https://docs.cursor.com/context/mcp,"Intro","20 min","IDE integration","Config JSON",Modules/07-Protocols-MCP-A2A/07-01-MCP-Model-Context-Protocol.md
Module,07-02,07-Protocols-MCP-A2A,1,"A2A Protocol Docs",https://a2a-protocol.org/latest/,"Intro","40 min","Canonical concepts","Agent card; tasks",Modules/07-Protocols-MCP-A2A/07-02-A2A-Agent-to-Agent.md
Module,07-02,07-Protocols-MCP-A2A,2,"A2A GitHub",https://github.com/a2aproject/A2A,"Intermediate","45 min","Reference samples","Spec sources",Modules/07-Protocols-MCP-A2A/07-02-A2A-Agent-to-Agent.md
Module,07-02,07-Protocols-MCP-A2A,3,"Google A2A Announcement",https://developers.googleblog.com/en/a2a-a-new-era-of-agent-interoperability/,"Intro","15 min","Ecosystem context","MCP complement",Modules/07-Protocols-MCP-A2A/07-02-A2A-Agent-to-Agent.md
Module,07-02,07-Protocols-MCP-A2A,4,"MCP Intro (contrast)",https://modelcontextprotocol.io/docs/getting-started/intro,"Intro","15 min","Tool vs agent boundary","Architecture",Modules/07-Protocols-MCP-A2A/07-02-A2A-Agent-to-Agent.md
Module,07-02,07-Protocols-MCP-A2A,5,"LangGraph Multi-Agent",https://langchain-ai.github.io/langgraph/concepts/multi_agent/,"Intermediate","30 min","In-process alternative","Supervisor patterns",Modules/07-Protocols-MCP-A2A/07-02-A2A-Agent-to-Agent.md
Module,07-03,07-Protocols-MCP-A2A,1,"A2A Protocol",https://a2a-protocol.org/latest/,"Intermediate","40 min","Task async model","Task lifecycle",Modules/07-Protocols-MCP-A2A/07-03-Negotiation-Async-Workflows.md
Module,07-03,07-Protocols-MCP-A2A,2,"LangGraph Persistence",https://langchain-ai.github.io/langgraph/concepts/persistence/,"Intermediate","35 min","Checkpoint replay","Threads; replay",Modules/07-Protocols-MCP-A2A/07-03-Negotiation-Async-Workflows.md
Module,07-03,07-Protocols-MCP-A2A,3,"Temporal Workflows",https://docs.temporal.io/workflows,"Intermediate","45 min","Async saga patterns","Signals; timers",Modules/07-Protocols-MCP-A2A/07-03-Negotiation-Async-Workflows.md
Module,07-03,07-Protocols-MCP-A2A,4,"OpenTelemetry",https://opentelemetry.io/docs/,"Intermediate","30 min","Trace propagation","Context",Modules/07-Protocols-MCP-A2A/07-03-Negotiation-Async-Workflows.md
Module,07-03,07-Protocols-MCP-A2A,5,"Enterprise Integration Patterns",https://www.enterpriseintegrationpatterns.com/,"Advanced","60 min","Message routing","Saga; DLQ",Modules/07-Protocols-MCP-A2A/07-03-Negotiation-Async-Workflows.md
Module,08-01,08-Evaluation-LLMOps,1,"DeepEval Getting Started",https://deepeval.com/docs/getting-started,"Intro","30 min","GEval + CI","Metrics; test cases",Modules/08-Evaluation-LLMOps/08-01-Evaluation-Lifecycle.md
Module,08-01,08-Evaluation-LLMOps,2,"DeepEval GEval",https://deepeval.com/docs/metrics-llm-evals,"Intermediate","35 min","Custom criteria","GEval setup",Modules/08-Evaluation-LLMOps/08-01-Evaluation-Lifecycle.md
Module,08-01,08-Evaluation-LLMOps,3,"LangSmith Evaluation",https://docs.smith.langchain.com/evaluation,"Intermediate","40 min","Datasets + experiments","Feedback",Modules/08-Evaluation-LLMOps/08-01-Evaluation-Lifecycle.md
Module,08-01,08-Evaluation-LLMOps,4,"OpenAI Evals Guide",https://platform.openai.com/docs/guides/evals,"Intermediate","35 min","Benchmark mindset","Best practices",Modules/08-Evaluation-LLMOps/08-01-Evaluation-Lifecycle.md
Module,08-01,08-Evaluation-LLMOps,5,"HELM (Stanford)",https://crfm.stanford.edu/helm/,"Advanced","60 min","Holistic eval framing","Metrics taxonomy",Modules/08-Evaluation-LLMOps/08-01-Evaluation-Lifecycle.md
Module,08-02,08-Evaluation-LLMOps,1,"LangSmith Docs",https://docs.smith.langchain.com/,"Intro","40 min","Trace + eval","Tracing; datasets",Modules/08-Evaluation-LLMOps/08-02-Observability-LangSmith-OTel.md
Module,08-02,08-Evaluation-LLMOps,2,"LangSmith Tracing",https://docs.smith.langchain.com/tracing,"Intermediate","35 min","Setup","Projects; runs",Modules/08-Evaluation-LLMOps/08-02-Observability-LangSmith-OTel.md
Module,08-02,08-Evaluation-LLMOps,3,"OpenTelemetry Docs",https://opentelemetry.io/docs/,"Intermediate","45 min","Platform APM","Concepts; SDK",Modules/08-Evaluation-LLMOps/08-02-Observability-LangSmith-OTel.md
Module,08-02,08-Evaluation-LLMOps,4,"OTel GenAI Semantics",https://opentelemetry.io/docs/specs/semconv/gen-ai/,"Advanced","40 min","Standard attributes","Span names",Modules/08-Evaluation-LLMOps/08-02-Observability-LangSmith-OTel.md
Module,08-02,08-Evaluation-LLMOps,5,"OpenLLMetry",https://github.com/traceloop/openllmetry,"Intermediate","30 min","Auto-instrumentation","Integrations",Modules/08-Evaluation-LLMOps/08-02-Observability-LangSmith-OTel.md
Module,08-03,08-Evaluation-LLMOps,1,"promptfoo Intro",https://www.promptfoo.dev/docs/intro/,"Intro","25 min","CI testing","Config; assertions",Modules/08-Evaluation-LLMOps/08-03-Guardrails-Ship-Criteria.md
Module,08-03,08-Evaluation-LLMOps,2,"promptfoo Red Team",https://www.promptfoo.dev/docs/red-team/,"Intermediate","40 min","Safety gates","Attack catalogs",Modules/08-Evaluation-LLMOps/08-03-Guardrails-Ship-Criteria.md
Module,08-03,08-Evaluation-LLMOps,3,"OWASP LLM Top 10",https://owasp.org/www-project-top-10-for-large-language-model-applications/,"Intermediate","60 min","Threat model","LLM01; LLM02",Modules/08-Evaluation-LLMOps/08-03-Guardrails-Ship-Criteria.md
Module,08-03,08-Evaluation-LLMOps,4,"Microsoft Presidio",https://microsoft.github.io/presidio/,"Intermediate","35 min","PII detection","Anonymizer",Modules/08-Evaluation-LLMOps/08-03-Guardrails-Ship-Criteria.md
Module,08-03,08-Evaluation-LLMOps,5,"OpenAI Moderation",https://platform.openai.com/docs/guides/moderation,"Intro","20 min","Output safety","Categories",Modules/08-Evaluation-LLMOps/08-03-Guardrails-Ship-Criteria.md
Module,08-03,08-Evaluation-LLMOps,6,"NIST AI RMF",https://www.nist.gov/itl/ai-risk-management-framework,"Advanced","90 min","Governance framing","Map; measure",Modules/08-Evaluation-LLMOps/08-03-Guardrails-Ship-Criteria.md
Module,09-01,09-Fine-Tuning,1,"Hugging Face PEFT",https://huggingface.co/docs/peft/index,"Intermediate","45 min","Official API for LoRA/adapters","Quickstart; LoRA config",Modules/09-Fine-Tuning/09-01-PEFT-LoRA-QLoRA.md
Module,09-01,09-Fine-Tuning,2,"LoRA paper",https://arxiv.org/abs/2106.09685,"Advanced","45 min","Primary low-rank intuition","§3 Method; §4 Experiments",Modules/09-Fine-Tuning/09-01-PEFT-LoRA-QLoRA.md
Module,09-01,09-Fine-Tuning,3,"QLoRA paper",https://arxiv.org/abs/2305.14314,"Advanced","45 min","4-bit + adapter training","NF4; double quant",Modules/09-Fine-Tuning/09-01-PEFT-LoRA-QLoRA.md
Module,09-01,09-Fine-Tuning,4,"TRL SFTTrainer",https://huggingface.co/docs/trl/sft_trainer,"Intermediate","30 min","Production training loop","Completion-only loss",Modules/09-Fine-Tuning/09-01-PEFT-LoRA-QLoRA.md
Module,09-01,09-Fine-Tuning,5,"bitsandbytes",https://github.com/TimDettmers/bitsandbytes,"Intermediate","20 min","4-bit load details","NF4 usage",Modules/09-Fine-Tuning/09-01-PEFT-LoRA-QLoRA.md
Module,09-01,09-Fine-Tuning,6,"vLLM docs",https://docs.vllm.ai/en/latest/,"Intermediate","30 min","Inference after merge","LoRA requests",Modules/09-Fine-Tuning/09-01-PEFT-LoRA-QLoRA.md
Module,09-02,09-Fine-Tuning,1,"RAG paper",https://arxiv.org/abs/2005.11401,"Intermediate","45 min","When retrieval beats parametric memory","Intro; architecture",Modules/09-Fine-Tuning/09-02-Prompting-vs-RAG-vs-FineTuning.md
Module,09-02,09-Fine-Tuning,2,"LoRA paper",https://arxiv.org/abs/2106.09685,"Advanced","30 min","When FT is appropriate","Task results",Modules/09-Fine-Tuning/09-02-Prompting-vs-RAG-vs-FineTuning.md
Module,09-02,09-Fine-Tuning,3,"HF PEFT",https://huggingface.co/docs/peft/index,"Intermediate","20 min","LoRA scope","When to use PEFT",Modules/09-Fine-Tuning/09-02-Prompting-vs-RAG-vs-FineTuning.md
Module,09-02,09-Fine-Tuning,4,"LangChain RAG concept",https://python.langchain.com/docs/concepts/rag/,"Intro","20 min","RAG pipeline mental model","Indexing",Modules/09-Fine-Tuning/09-02-Prompting-vs-RAG-vs-FineTuning.md
Module,09-02,09-Fine-Tuning,5,"DSPy",https://dspy.ai/,"Intermediate","30 min","Prompt optimization alternative","Programs vs prompts",Modules/09-Fine-Tuning/09-02-Prompting-vs-RAG-vs-FineTuning.md
Module,09-03,09-Fine-Tuning,1,"vLLM Documentation",https://docs.vllm.ai/en/latest/,"Intermediate","45 min","LoRA + OpenAI server","LoRA serving",Modules/09-Fine-Tuning/09-03-Serving-Integrating-FineTuned-Models.md
Module,09-03,09-Fine-Tuning,2,"HF PEFT",https://huggingface.co/docs/peft/index,"Intermediate","20 min","Load adapters","Inference",Modules/09-Fine-Tuning/09-03-Serving-Integrating-FineTuned-Models.md
Module,09-03,09-Fine-Tuning,3,"vLLM GitHub",https://github.com/vllm-project/vllm,"Intermediate","20 min","Flags & examples","LoRA examples",Modules/09-Fine-Tuning/09-03-Serving-Integrating-FineTuned-Models.md
Module,09-03,09-Fine-Tuning,4,"FastAPI",https://fastapi.tiangolo.com/,"Intro","30 min","Gateway patterns","Dependencies",Modules/09-Fine-Tuning/09-03-Serving-Integrating-FineTuned-Models.md
Module,10-01,10-Production-Infrastructure,1,"FastAPI Documentation",https://fastapi.tiangolo.com/,"Intro","60 min","Official patterns","Async; Dependencies; Streaming",Modules/10-Production-Infrastructure/10-01-FastAPI-AI-Backends.md
Module,10-01,10-Production-Infrastructure,2,"Uvicorn",https://www.uvicorn.org/,"Intro","15 min","ASGI server tuning","Workers",Modules/10-Production-Infrastructure/10-01-FastAPI-AI-Backends.md
Module,10-01,10-Production-Infrastructure,3,"OpenAI Python SDK",https://github.com/openai/openai-python,"Intro","20 min","Async client","Streaming",Modules/10-Production-Infrastructure/10-01-FastAPI-AI-Backends.md
Module,10-02,10-Production-Infrastructure,1,"Kubernetes Documentation",https://kubernetes.io/docs/home/,"Intermediate","90 min","Official deploy concepts","Workloads; Services; Probes",Modules/10-Production-Infrastructure/10-02-Docker-Kubernetes-CICD.md
Module,10-02,10-Production-Infrastructure,2,"Docker Docs",https://docs.docker.com/,"Intro","45 min","Image best practices","Multi-stage builds",Modules/10-Production-Infrastructure/10-02-Docker-Kubernetes-CICD.md
Module,10-02,10-Production-Infrastructure,3,"vLLM docs",https://docs.vllm.ai/en/latest/,"Intermediate","30 min","Container deploy","Docker",Modules/10-Production-Infrastructure/10-02-Docker-Kubernetes-CICD.md
Module,10-03,10-Production-Infrastructure,1,"Redis Documentation",https://redis.io/docs/latest/,"Intro","45 min","Commands & patterns","Data types; TTL",Modules/10-Production-Infrastructure/10-03-Redis-Kafka-Ray.md
Module,10-03,10-Production-Infrastructure,2,"Kafka Documentation",https://kafka.apache.org/documentation/,"Intermediate","60 min","Topics & consumer groups","Introduction",Modules/10-Production-Infrastructure/10-03-Redis-Kafka-Ray.md
Module,10-03,10-Production-Infrastructure,3,"Ray Documentation",https://docs.ray.io/en/latest/,"Intermediate","60 min","Ray Serve & Train","Getting started",Modules/10-Production-Infrastructure/10-03-Redis-Kafka-Ray.md
Module,10-04,10-Production-Infrastructure,1,"vLLM Documentation",https://docs.vllm.ai/en/latest/,"Intermediate","30 min","Throughput knobs","Optimization",Modules/10-Production-Infrastructure/10-04-Cost-Latency-Optimization.md
Module,10-04,10-Production-Infrastructure,2,"OpenAI Pricing",https://openai.com/api/pricing/,"Intro","15 min","API unit costs","Model tiers",Modules/10-Production-Infrastructure/10-04-Cost-Latency-Optimization.md
Module,11-01,11-Security-Safety,1,"OWASP LLM Top 10",https://owasp.org/www-project-top-10-for-large-language-model-applications/,"Intermediate","90 min","Canonical list","Each risk entry",Modules/11-Security-Safety/11-01-OWASP-LLM-Top-10.md
Module,11-01,11-Security-Safety,2,"NIST AI RMF",https://www.nist.gov/itl/ai-risk-management-framework,"Advanced","60 min","Enterprise mapping","Govern / Map",Modules/11-Security-Safety/11-01-OWASP-LLM-Top-10.md
Module,11-02,11-Security-Safety,1,"OWASP LLM Top 10",https://owasp.org/www-project-top-10-for-large-language-model-applications/,"Intermediate","60 min","LLM01 context","Prompt injection",Modules/11-Security-Safety/11-02-Prompt-Injection-Defense.md
Module,11-02,11-Security-Safety,2,"Promptfoo",https://www.promptfoo.dev/docs/intro/,"Intermediate","45 min","Red team CI","Assertions",Modules/11-Security-Safety/11-02-Prompt-Injection-Defense.md
Module,12-01,12-Advanced-Topics,1,"DeepEval",https://deepeval.com/docs/getting-started,"Intermediate","40 min","Faithfulness metrics","Metrics",Modules/12-Advanced-Topics/12-01-Research-Agents.md
Module,12-02,12-Advanced-Topics,1,"Spider paper",https://arxiv.org/abs/1809.00635,"Advanced","60 min","Eval benchmark","Task definition",Modules/12-Advanced-Topics/12-02-Text-to-SQL-Agents.md
Module,12-02,12-Advanced-Topics,2,"BIRD benchmark",https://bird-bench.github.io/,"Advanced","45 min","Dirty data eval","Leaderboard",Modules/12-Advanced-Topics/12-02-Text-to-SQL-Agents.md
Module,12-04,12-Advanced-Topics,1,"DSPy Documentation",https://dspy.ai/,"Intermediate","60 min","Official tutorials","Signatures; Modules; Optimizers",Modules/12-Advanced-Topics/12-04-DSPy-Programmatic-Prompting.md
Module,12-04,12-Advanced-Topics,2,"DSPy GitHub",https://github.com/stanfordnlp/dspy,"Intermediate","30 min","Examples & API","README; tutorials",Modules/12-Advanced-Topics/12-04-DSPy-Programmatic-Prompting.md
System Design,AI-Coding-Assistant,System Design,1,"GitHub Copilot Docs",https://docs.github.com/en/copilot,"Product + privacy modes","","","",System Design/Design-AI-Coding-Assistant.md
System Design,AI-Coding-Assistant,System Design,2,"Cursor Docs",https://cursor.com/docs,"Agent + codebase context","","","",System Design/Design-AI-Coding-Assistant.md
System Design,AI-Coding-Assistant,System Design,3,"Code Llama paper",https://arxiv.org/abs/2308.12950,"FIM training","","","",System Design/Design-AI-Coding-Assistant.md
System Design,AI-Coding-Assistant,System Design,4,"SWE-bench",https://www.swebench.com/,"Agent eval benchmark","","","",System Design/Design-AI-Coding-Assistant.md
System Design,AI-Coding-Assistant,System Design,5,"Tree-sitter",https://tree-sitter.github.io/tree-sitter/,"Parsing for chunking","","","",System Design/Design-AI-Coding-Assistant.md
System Design,AI-Customer-Support,System Design,1,"Zendesk AI",https://www.zendesk.com/service/ai/,"Industry patterns","","","",System Design/Design-AI-Customer-Support.md
System Design,AI-Customer-Support,System Design,2,"Intercom Fin",https://www.intercom.com/fin,"RAG support agent","","","",System Design/Design-AI-Customer-Support.md
System Design,AI-Customer-Support,System Design,3,"Salesforce Einstein Service",https://www.salesforce.com/service/ai/,"CRM-integrated support","","","",System Design/Design-AI-Customer-Support.md
System Design,AI-Customer-Support,System Design,4,"OWASP LLM Top 10",https://owasp.org/www-project-top-10-for-large-language-model-applications/,"Excessive agency","","","",System Design/Design-AI-Customer-Support.md
System Design,AI-Customer-Support,System Design,5,"ITIL escalation",https://www.axelos.com/certifications/itil-service-management,"SLA/queue concepts","","","",System Design/Design-AI-Customer-Support.md
System Design,AI-Research-Agent,System Design,1,"OpenAI Deep Research",https://openai.com/index/introducing-deep-research/,"Product reference","","","",System Design/Design-AI-Research-Agent.md
System Design,AI-Research-Agent,System Design,2,"Gemini Deep Research",https://blog.google/products/gemini/google-gemini-deep-research/,"Alternative architecture cues","","","",System Design/Design-AI-Research-Agent.md
System Design,AI-Research-Agent,System Design,3,"ReAct",https://arxiv.org/abs/2210.03629,"Tool loop foundation","","","",System Design/Design-AI-Research-Agent.md
System Design,AI-Research-Agent,System Design,4,"LangGraph persistence",https://langchain-ai.github.io/langgraph/concepts/persistence/,"Checkpoint patterns","","","",System Design/Design-AI-Research-Agent.md
System Design,AI-Research-Agent,System Design,5,"WebArena / BrowseComp evals",https://arxiv.org/abs/2404.05990,"Agent browsing benchmarks","","","",System Design/Design-AI-Research-Agent.md
System Design,AI-Search-Engine,System Design,1,"Perplexity API",https://docs.perplexity.ai/,"Answer + search API patterns","","","",System Design/Design-AI-Search-Engine.md
System Design,AI-Search-Engine,System Design,2,"Bing Web Search API",https://learn.microsoft.com/en-us/bing/search-apis/bing-web-search/overview,"Hybrid retrieval reference","","","",System Design/Design-AI-Search-Engine.md
System Design,AI-Search-Engine,System Design,3,"Google Research: RAG",https://research.google/blog/dear-google-search-its-time-for-rag/,"Industry RAG direction","","","",System Design/Design-AI-Search-Engine.md
System Design,AI-Search-Engine,System Design,4,"Freshness in search",https://arxiv.org/abs/1206.2081,"Crawl scheduling concepts","","","",System Design/Design-AI-Search-Engine.md
System Design,AI-Search-Engine,System Design,5,"OWASP LLM Top 10",https://owasp.org/www-project-top-10-for-large-language-model-applications/,"Untrusted web content","","","",System Design/Design-AI-Search-Engine.md
System Design,AI-Voice-Assistant,System Design,1,"OpenAI Realtime API",https://platform.openai.com/docs/guides/realtime,"S2S / voice API patterns","","","",System Design/Design-AI-Voice-Assistant.md
System Design,AI-Voice-Assistant,System Design,2,"WebRTC fundamentals",https://webrtc.org/getting-started/overview,"Transport layer","","","",System Design/Design-AI-Voice-Assistant.md
System Design,AI-Voice-Assistant,System Design,3,"Whisper paper",https://arxiv.org/abs/2212.04356,"ASR baseline","","","",System Design/Design-AI-Voice-Assistant.md
System Design,AI-Voice-Assistant,System Design,4,"Moshi (S2S)",https://arxiv.org/abs/2406.11776,"Full-duplex speech models","","","",System Design/Design-AI-Voice-Assistant.md
System Design,AI-Voice-Assistant,System Design,5,"Google duplex architecture talks",https://ai.googleblog.com/2018/05/duplex-ai-system-for-natural-conversation.html,"Latency + barge-in history","","","",System Design/Design-AI-Voice-Assistant.md
System Design,ChatGPT,System Design,1,"OpenAI API Docs",https://developers.openai.com/api/docs/,"Real API shapes for chat/tools","","","",System Design/Design-ChatGPT.md
System Design,ChatGPT,System Design,2,"OWASP LLM Top 10",https://owasp.org/www-project-top-10-for-large-language-model-applications/,"Safety requirements","","","",System Design/Design-ChatGPT.md
System Design,ChatGPT,System Design,3,"LangGraph HITL / persistence",https://langchain-ai.github.io/langgraph/concepts/high_level/,"Stateful orchestration patterns","","","",System Design/Design-ChatGPT.md
System Design,ChatGPT,System Design,4,"ReAct paper",https://arxiv.org/abs/2210.03629,"Tool-loop reasoning","","","",System Design/Design-ChatGPT.md
System Design,Claude,System Design,1,"Constitutional AI paper",https://arxiv.org/abs/2212.08073,"Core alignment approach","","","",System Design/Design-Claude.md
System Design,Claude,System Design,2,"Anthropic Messages API",https://docs.anthropic.com/en/api/messages,"Real API shapes, streaming, tools","","","",System Design/Design-Claude.md
System Design,Claude,System Design,3,"Prompt caching docs",https://docs.anthropic.com/en/docs/build-with-claude/prompt-caching,"Cost/latency architecture","","","",System Design/Design-Claude.md
System Design,Claude,System Design,4,"Model Context Protocol",https://modelcontextprotocol.io/,"Tool server standard","","","",System Design/Design-Claude.md
System Design,Claude,System Design,5,"OWASP LLM Top 10",https://owasp.org/www-project-top-10-for-large-language-model-applications/,"Security requirements","","","",System Design/Design-Claude.md
System Design,Claude,System Design,6,"ReAct paper",https://arxiv.org/abs/2210.03629,"Tool-loop reasoning","","","",System Design/Design-Claude.md
System Design,Cursor,System Design,1,"Cursor Docs",https://docs.cursor.com/,"Product capabilities, rules, privacy","","","",System Design/Design-Cursor.md
System Design,Cursor,System Design,2,"Model Context Protocol",https://modelcontextprotocol.io/,"Tool server integration pattern","","","",System Design/Design-Cursor.md
System Design,Cursor,System Design,3,"ReAct paper",https://arxiv.org/abs/2210.03629,"Agent tool loop","","","",System Design/Design-Cursor.md
System Design,Cursor,System Design,4,"RAG survey",https://arxiv.org/abs/2312.10997,"Retrieval architecture baseline","","","",System Design/Design-Cursor.md
System Design,Cursor,System Design,5,"VS Code Extension API",https://code.visualstudio.com/api,"IDE integration constraints","","","",System Design/Design-Cursor.md
System Design,Cursor,System Design,6,"Tree-sitter",https://tree-sitter.github.io/tree-sitter/,"AST-aware parsing for chunking","","","",System Design/Design-Cursor.md
System Design,GitHub-Copilot,System Design,1,"GitHub Copilot Docs",https://docs.github.com/en/copilot,"Product surfaces, policies","","","",System Design/Design-GitHub-Copilot.md
System Design,GitHub-Copilot,System Design,2,"InCoder (FIM) paper",https://arxiv.org/abs/2204.05999,"Fill-in-the-middle foundation","","","",System Design/Design-GitHub-Copilot.md
System Design,GitHub-Copilot,System Design,3,"Code Llama paper",https://arxiv.org/abs/2308.12950,"FIM-capable code models","","","",System Design/Design-GitHub-Copilot.md
System Design,GitHub-Copilot,System Design,4,"vLLM PagedAttention",https://arxiv.org/abs/2309.06180,"Serving efficiency","","","",System Design/Design-GitHub-Copilot.md
System Design,GitHub-Copilot,System Design,5,"OpenAI FIM API patterns",https://platform.openai.com/docs/guides/code-generation,"Industry FIM prompt shape","","","",System Design/Design-GitHub-Copilot.md
System Design,GitHub-Copilot,System Design,6,"OWASP LLM Top 10",https://owasp.org/www-project-top-10-for-large-language-model-applications/,"Secret leakage risks","","","",System Design/Design-GitHub-Copilot.md
System Design,Multi-Agent-Workflow-Engine,System Design,1,"Temporal docs",https://docs.temporal.io/,"Durable execution","","","",System Design/Design-Multi-Agent-Workflow-Engine.md
System Design,Multi-Agent-Workflow-Engine,System Design,2,"LangGraph",https://langchain-ai.github.io/langgraph/,"Agent graph patterns","","","",System Design/Design-Multi-Agent-Workflow-Engine.md
System Design,Multi-Agent-Workflow-Engine,System Design,3,"Model Context Protocol",https://modelcontextprotocol.io/,"MCP spec","","","",System Design/Design-Multi-Agent-Workflow-Engine.md
System Design,Multi-Agent-Workflow-Engine,System Design,4,"LangGraph persistence",https://langchain-ai.github.io/langgraph/concepts/persistence/,"Checkpoint semantics","","","",System Design/Design-Multi-Agent-Workflow-Engine.md
System Design,Multi-Agent-Workflow-Engine,System Design,5,"OpenAI evals guide",https://platform.openai.com/docs/guides/evals,"Eval harness design","","","",System Design/Design-Multi-Agent-Workflow-Engine.md
System Design,Notion-AI,System Design,1,"Notion API",https://developers.notion.com/,"Blocks, permissions model","","","",System Design/Design-Notion-AI.md
System Design,Notion-AI,System Design,2,"Notion AI",https://www.notion.com/product/ai,"Product surface area","","","",System Design/Design-Notion-AI.md
System Design,Notion-AI,System Design,3,"CRDTs (Shapiro et al.)",https://arxiv.org/abs/1608.03960,"Block collaboration foundation","","","",System Design/Design-Notion-AI.md
System Design,Notion-AI,System Design,4,"Google Zanzibar",https://research.google/pubs/pub48190/,"Enterprise ACL at scale","","","",System Design/Design-Notion-AI.md
System Design,Notion-AI,System Design,5,"OWASP LLM Top 10",https://owasp.org/www-project-top-10-for-large-language-model-applications/,"Injection defenses","","","",System Design/Design-Notion-AI.md
System Design,Perplexity,System Design,1,"Perplexity API Docs",https://docs.perplexity.ai/,"Real API modes and limits","","","",System Design/Design-Perplexity.md
System Design,Perplexity,System Design,2,"RAG paper (Lewis et al.)",https://arxiv.org/abs/2005.11401,"Retrieve-then-generate foundation","","","",System Design/Design-Perplexity.md
System Design,Perplexity,System Design,3,"Self-RAG",https://arxiv.org/abs/2310.11511,"Retrieval + critique tokens","","","",System Design/Design-Perplexity.md
System Design,Perplexity,System Design,4,"Bing Grounding (Azure)",https://learn.microsoft.com/en-us/azure/ai-services/agents/how-to/tools/bing-grounding,"Industry grounding pattern","","","",System Design/Design-Perplexity.md
System Design,Perplexity,System Design,5,"FreshLLMs (freshness)",https://arxiv.org/abs/2310.03214,"Stale source problem","","","",System Design/Design-Perplexity.md
System Design,Perplexity,System Design,6,"OWASP LLM Top 10",https://owasp.org/www-project-top-10-for-large-language-model-applications/,"Injection via web content","","","",System Design/Design-Perplexity.md
System Design,Slack-AI,System Design,1,"Slack Platform Docs",https://docs.slack.dev/,"Events, scopes, Enterprise Grid","","","",System Design/Design-Slack-AI.md
System Design,Slack-AI,System Design,2,"Slack AI (product)",https://slack.com/features/ai,"Feature scope reference","","","",System Design/Design-Slack-AI.md
System Design,Slack-AI,System Design,3,"Microsoft Graph ACL patterns",https://learn.microsoft.com/en-us/graph/permissions-reference,"Enterprise permission modeling","","","",System Design/Design-Slack-AI.md
System Design,Slack-AI,System Design,4,"OWASP LLM Top 10",https://owasp.org/www-project-top-10-for-large-language-model-applications/,"Injection + excessive agency","","","",System Design/Design-Slack-AI.md
System Design,Slack-AI,System Design,5,"RAG with permissions (Azure AI Search)",https://learn.microsoft.com/en-us/azure/search/search-security-trimming-for-azure-search,"Security trimming patterns","","","",System Design/Design-Slack-AI.md